{"cameraMode":{"drawMode":1,"name":"Wireframe","section":"Shading Mode"},"sceneLighting":false,"audioPlay":false,"sceneViewState":{"showFog":true,"showMaterialUpdate":false,"showSkybox":true,"showFlares":true,"showImageEffects":true,"showParticleSystems":true},"in2DMode":false,"pivot":{"x":20.207117080688478,"y":5.504863739013672,"z":1.6191716194152833},"rotation":{"x":-0.2672170400619507,"y":-0.12845422327518464,"z":0.03596686199307442,"w":-0.9543676376342773},"size":1.1033995151519776,"orthographic":false}