{"cameraMode":{"drawMode":0,"name":"Shaded","section":"Shading Mode"},"sceneLighting":false,"audioPlay":false,"sceneViewState":{"showFog":true,"showMaterialUpdate":false,"showSkybox":false,"showFlares":true,"showImageEffects":true,"showParticleSystems":true},"in2DMode":false,"pivot":{"x":0.6832150220870972,"y":-0.009134769439697266,"z":-0.8196849822998047},"rotation":{"x":0.024289412423968316,"y":0.966820240020752,"z":-0.23356887698173524,"w":0.10055913776159287},"size":2.3575735092163088,"orthographic":false}