{"cameraMode":{"drawMode":0,"name":"Shaded","section":"Shading Mode"},"sceneLighting":false,"audioPlay":false,"sceneViewState":{"showFog":true,"showMaterialUpdate":false,"showSkybox":false,"showFlares":true,"showImageEffects":true,"showParticleSystems":true},"in2DMode":false,"pivot":{"x":-23.991918563842775,"y":12.461947441101075,"z":-48.3192138671875},"rotation":{"x":-0.3871249854564667,"y":-0.0016449071699753404,"z":0.0006916521233506501,"w":-0.9220255017280579},"size":50.62553405761719,"orthographic":false}