{"cameraMode":{"drawMode":0,"name":"Shaded","section":"Shading Mode"},"sceneLighting":false,"audioPlay":false,"sceneViewState":{"showFog":true,"showMaterialUpdate":false,"showSkybox":false,"showFlares":true,"showImageEffects":true,"showParticleSystems":true},"in2DMode":false,"pivot":{"x":-2.289102792739868,"y":1.0856680870056153,"z":4.306095600128174},"rotation":{"x":-0.3105180859565735,"y":0.06555189937353134,"z":-0.021468106657266618,"w":-0.9480615258216858},"size":7.622854232788086,"orthographic":false}