{"cameraMode":{"drawMode":0,"name":"Shaded","section":"Shading Mode"},"sceneLighting":false,"audioPlay":false,"sceneViewState":{"showFog":true,"showMaterialUpdate":false,"showSkybox":false,"showFlares":true,"showImageEffects":true,"showParticleSystems":true},"in2DMode":false,"pivot":{"x":-0.0034558549523353578,"y":0.37034299969673159,"z":0.0002885982394218445},"rotation":{"x":-0.3038919270038605,"y":0.03687424957752228,"z":-0.011770150624215603,"w":-0.9519199132919312},"size":1.3634144067764283,"orthographic":false}