{"cameraMode":{"drawMode":0,"name":"Shaded","section":"Shading Mode"},"sceneLighting":false,"audioPlay":false,"sceneViewState":{"showFog":true,"showMaterialUpdate":false,"showSkybox":false,"showFlares":true,"showImageEffects":true,"showParticleSystems":true},"in2DMode":false,"pivot":{"x":21.41901206970215,"y":0.4197734594345093,"z":3.6651487350463869},"rotation":{"x":-0.19883981347084046,"y":0.691192090511322,"z":-0.2072468250989914,"w":-0.663152813911438},"size":0.4772680997848511,"orthographic":false}