{"cameraMode":{"drawMode":0,"name":"Shaded","section":"Shading Mode"},"sceneLighting":false,"audioPlay":false,"sceneViewState":{"showFog":true,"showMaterialUpdate":false,"showSkybox":false,"showFlares":true,"showImageEffects":true,"showParticleSystems":true},"in2DMode":false,"pivot":{"x":0.14245939254760743,"y":-1.6186766624450684,"z":-0.8510951995849609},"rotation":{"x":0.08511378616094589,"y":0.9137258529663086,"z":-0.25587761402130129,"w":0.303953617811203},"size":4.939141273498535,"orthographic":false}