{"cameraMode":{"drawMode":0,"name":"Shaded","section":"Shading Mode"},"sceneLighting":false,"audioPlay":false,"sceneViewState":{"showFog":true,"showMaterialUpdate":false,"showSkybox":false,"showFlares":true,"showImageEffects":true,"showParticleSystems":true},"in2DMode":false,"pivot":{"x":-0.005795404314994812,"y":0.19387999176979066,"z":-0.0013402029871940613},"rotation":{"x":-0.37898147106170657,"y":0.5388748645782471,"z":-0.29510658979415896,"w":-0.6920253038406372},"size":0.7413761615753174,"orthographic":false}