{"cameraMode":{"drawMode":0,"name":"Shaded","section":"Shading Mode"},"sceneLighting":false,"audioPlay":false,"sceneViewState":{"showFog":true,"showMaterialUpdate":false,"showSkybox":false,"showFlares":true,"showImageEffects":true,"showParticleSystems":true},"in2DMode":false,"pivot":{"x":0.9498863220214844,"y":-0.31562820076942446,"z":0.4094350337982178},"rotation":{"x":-0.11292434483766556,"y":-0.6855692863464356,"z":0.10890243947505951,"w":-0.7109047174453735},"size":1.1662406921386719,"orthographic":false}