{"cameraMode":{"drawMode":0,"name":"Shaded","section":"Shading Mode"},"sceneLighting":false,"audioPlay":false,"sceneViewState":{"showFog":true,"showMaterialUpdate":false,"showSkybox":false,"showFlares":true,"showImageEffects":true,"showParticleSystems":true},"in2DMode":false,"pivot":{"x":-0.013022303581237793,"y":0.4503147006034851,"z":-0.500355064868927},"rotation":{"x":0.17038242518901826,"y":0.6349267959594727,"z":-0.14635303616523744,"w":0.7392016649246216},"size":1.5997555255889893,"orthographic":false}