{"cameraMode":{"drawMode":0,"name":"Shaded","section":"Shading Mode"},"sceneLighting":false,"audioPlay":false,"sceneViewState":{"showFog":true,"showMaterialUpdate":false,"showSkybox":false,"showFlares":true,"showImageEffects":true,"showParticleSystems":true},"in2DMode":false,"pivot":{"x":1.0580096244812012,"y":-0.8964617252349854,"z":-0.6277377605438232},"rotation":{"x":0.04983409866690636,"y":0.9475815892219544,"z":-0.25618410110473635,"w":0.1843394786119461},"size":2.439943790435791,"orthographic":false}