{"cameraMode":{"drawMode":0,"name":"Shaded","section":"Shading Mode"},"sceneLighting":false,"audioPlay":false,"sceneViewState":{"showFog":true,"showMaterialUpdate":false,"showSkybox":false,"showFlares":true,"showImageEffects":true,"showParticleSystems":true},"in2DMode":false,"pivot":{"x":-0.6518383026123047,"y":-4.602231502532959,"z":3.160964012145996},"rotation":{"x":-0.06873737275600434,"y":-0.9312573075294495,"z":0.2517605721950531,"w":-0.2542668581008911},"size":18.272899627685548,"orthographic":false}